YearMonth,CN,SA,JA,SO,HPI,HDI,LHNI,PA,AA,RA,LPI,weighted_CN,weighted_SA,weighted_JA,weighted_SO,weighted_HPI,weighted_HDI,weighted_LHNI,weighted_PA,weighted_AA,weighted_RA,weighted_LPI,distance,population_source,population_target,gravitational_index,Proportion delayed,Significant Delay,Rides planned,Final arrival delay,Final arrival cancelled,Completely cancelled,Intermediate arrival delays,simultaneous_pred,simultaneous_null
2019-01,4,0.565685424949238,0.3636363636363636,0.5333333333333333,0.8,0.4,0.08,50,1.5018147729159137,0.2894841269841269,1.0326975843504465,4,0.0036364372674504,0.3636363636363636,0.0036363636363636,0.0036596523330283,0.003613369467028,3.305919000025621e-06,1209951,0.5280026056522987,0.0053536667525776,0.1069514820261218,3.0,161825.0,161825.0,2909703402.7777777,0.1285714285714285,False,71,9,1,1,9,0.0,1.0
2019-01,4,0.565685424949238,0.3636363636363636,0.5333333333333333,0.8,0.4,0.08,50,1.5018147729159137,0.2894841269841269,1.0326975843504465,4,0.0036364372674504,0.3636363636363636,0.0036363636363636,0.0036596523330283,0.003613369467028,3.305919000025621e-06,1209951,0.5280026056522987,0.0053536667525776,0.1069514820261219,3.0,161825.0,161825.0,2909703402.7777777,0.1830985915492957,False,72,13,1,1,13,0.0,1.0
2019-01,2,0.2672612419124244,0.1538461538461538,0.2666666666666666,0.2857142857142857,0.25,0.0357142857142857,56,0.71556089596598,0.1285714285714286,0.4852586169625412,2,0.0031677864791272,0.1538461538461538,0.0018682858477347,0.0097087378640776,0.0010335917312661,5.01743558867063e-06,398610,0.2566808041491143,0.0012269340757484,0.0438548947027318,205.0,128857.0,934927.0,2866671.9438191555,0.0625,False,32,2,0,0,13,0.0,1.0
2019-02,2,0.2357022603955158,0.125,0.2222222222222222,0.3333333333333333,0.1666666666666666,0.0277777777777777,72,0.7951647564324791,0.1714285714285714,0.5469953239549306,2,0.0040031076177352,0.125,0.0018717828731867,0.0161290322580645,0.0009935419771485,8.012435299584956e-06,249612,0.241685751513194,0.0007343954271573,0.0342963627924081,80.0,77566.0,114968.0,1393376.2325,1.0,True,10,10,1,0,10,1.0,1.0
2019-03,2,0.2519763153394848,0.0909090909090909,0.1666666666666666,0.6666666666666666,0.0952380952380952,0.0317460317460317,63,0.6860080964331781,0.1127450980392156,0.4601737197373217,2,0.0028912543672012,0.0909090909090909,0.0003498032356799,0.0476190476190476,0.000175546388133,4.179675907930099e-06,478506,0.2344242136124547,0.0005321012602012,0.0297673312072249,94.0,69663.0,56452.0,445067.4146672703,0.0,False,5,0,0,0,0,1.0,0.0
2019-03,1,0.2041241452319315,0.0769230769230769,0.1428571428571428,0.5,0.0833333333333333,0.0416666666666666,24,0.2835784920513334,0.0294117647058823,0.1714985851425088,1,0.0020369006894007,0.0769230769230769,0.0008833922261484,0.0089285714285714,0.0004646840148698,4.148964418481147e-06,241024,0.1041166721472804,6.741724533135576e-05,0.0082108005292636,39.0,77566.0,4855.0,247589.04010519397,0.8,True,10,8,0,0,8,0.0,1.0
2019-03,3,0.273861278752583,0.1304347826086956,0.2307692307692307,0.5,0.15,0.025,120,0.9727109910266252,0.1395308123249299,0.6397164753785012,3,0.002084390573241,0.1304347826086956,0.0010312822275696,0.0078740157480314,0.0005517748758506,1.4482280206053884e-06,2071497,0.334358837775721,0.00045334190034,0.0348465983454981,135.0,671125.0,103402.0,3807718.3676268863,0.2,False,20,4,1,0,12,0.0,1.0
2019-04,2,0.2357022603955158,0.08,0.1481481481481481,0.6666666666666666,0.0833333333333333,0.0277777777777777,72,0.6836960184445731,0.1119047619047619,0.4577059855405162,2,0.0018551231501188,0.08,0.0003479168478733,0.0196078431372549,0.0001755155770074,1.7207409510535237e-06,1162290,0.2352962837291892,0.0005575415750403,0.0303375701366301,94.0,56452.0,69663.0,445067.4146672703,0.0985915492957746,False,71,7,0,0,31,1.0,1.0
2019-04,2,0.2041241452319315,0.1111111111111111,0.2,0.25,0.1666666666666666,0.0208333333333333,96,0.8393770406139756,0.1952380952380952,0.5772791414095664,2,0.003034810521422,0.1111111111111111,0.0017761989342806,0.0093896713615023,0.0009808729769494,4.605037450467066e-06,434307,0.2391567681607245,0.0006768611841265,0.032885009356694,80.0,77566.0,114968.0,1393376.2325,0.5,True,4,2,1,0,4,0.0,0.0
2019-05,4,0.3015113445777636,0.1739130434782608,0.2962962962962963,0.3636363636363636,0.25,0.0227272727272727,176,1.3926060044735178,0.2316239316239316,0.9449736606418748,4,0.0028232898818982,0.1739130434782608,0.0023081361800346,0.0054421768707482,0.0014646649578908,1.992741439307323e-06,2007285,0.4843524280993299,0.0011376142091317,0.0655060941753214,77.0,934927.0,160740.0,25346629.44510036,0.0377358490566037,False,53,2,0,0,3,0.0,1.0
2019-05,1,0.1443375672974064,0.0555555555555555,0.1052631578947368,0.3333333333333333,0.0625,0.0208333333333333,48,0.3898712452512801,0.0769230769230769,0.2773500981126146,1,0.0012326240260165,0.0555555555555555,0.0006729475100942,0.0041493775933609,0.0003661662394727,1.5193619895133637e-06,658171,0.1259296796009018,0.0003558718861209,0.0188645669476136,147.0,47734.0,160740.0,355072.5697625989,0.15,False,40,6,2,0,23,1.0,1.0
2019-06,1,0.2041241452319315,0.0769230769230769,0.1428571428571428,0.5,0.0833333333333333,0.0416666666666666,24,0.333808200695334,0.05,0.2236067977499789,1,0.0092521230275561,0.0769230769230769,0.0036166365280289,0.0454545454545454,0.0018832391713747,8.560178051703475e-05,11682,0.1214706673538468,0.000265886732252,0.0163060336149555,122.0,95884.0,934927.0,6022879.6337006185,0.1428571428571428,False,21,3,0,0,7,0.0,1.0
2019-06,1,0.2041241452319315,0.0769230769230769,0.1428571428571428,0.5,0.0833333333333333,0.0416666666666666,24,0.333808200695334,0.05,0.2236067977499789,1,0.0092521230275561,0.0769230769230769,0.0036166365280289,0.0454545454545454,0.0018832391713747,8.560178051703475e-05,11682,0.1214706673538468,0.000265886732252,0.0163060336149555,122.0,95884.0,934927.0,6022879.6337006185,0.4117647058823529,False,17,7,0,0,14,0.0,1.0
2019-06,2,0.2132007163556104,0.1176470588235294,0.2105263157894736,0.25,0.1818181818181818,0.0227272727272727,88,0.5505489221271194,0.0529616724738676,0.3252046128343093,2,0.0014227021858992,0.1176470588235294,0.0013956734124214,0.0017316017316017,0.0011689070718877,1.0120407548811991e-06,1976205,0.214434398678741,0.0001816944647684,0.018939154933783,172.0,13407.0,125203.0,56740.01558274743,0.25,False,64,16,8,0,45,0.0,0.0
2019-07,1,0.1118033988749894,0.0588235294117647,0.1111111111111111,0.125,0.1,0.0125,80,0.3789231816899512,0.0714285714285714,0.2672612419124244,1,0.0009609611342804,0.0588235294117647,0.000705467372134,0.0021978021978021,0.0004201680672268,9.23446301597562e-07,1082900,0.1216365946831761,0.000268889486421,0.0163978500548419,108.0,92624.0,160740.0,1276438.7654320989,0.0,False,42,0,0,0,12,1.0,1.0
2019-07,2,0.3380617018914066,0.2,0.3333333333333333,0.4,0.2857142857142857,0.0571428571428571,35,0.7621647610257162,0.1535714285714285,0.522584241538977,2,0.005724341349561,0.2,0.0037418147801683,0.0153846153846153,0.0021299254526091,1.6384041943147375e-05,122070,0.2731194182805065,0.0023079828941441,0.0573774224008698,114.0,87498.0,934927.0,6294570.840720221,0.3,False,20,6,0,0,13,0.0,0.0
2019-07,1,0.1581138830084189,0.0769230769230769,0.1428571428571428,0.25,0.1,0.025,40,0.3284587387530511,0.0476190476190476,0.2182178902359924,1,0.0005181612852272,0.0769230769230769,0.0004727014890096,0.0008006405124099,0.0003353454057679,2.684911175083595e-07,3724518,0.1080126167647252,9.532888465204957e-05,0.0097636511947144,135.0,56186.0,130181.0,401336.0584910837,0.1666666666666666,False,12,2,0,0,8,1.0,1.0
2019-07,1,0.125,0.0666666666666666,0.125,0.125,0.125,0.015625,64,0.4342944819032517,0.1,0.3162277660168379,1,0.0014406096567095,0.0666666666666666,0.0013210039630118,0.0021978021978021,0.0009442870632672,2.075356183004908e-06,481845,0.1447648273010839,0.001,0.0316227766016837,223.0,92624.0,56452.0,105146.09278288322,0.3333333333333333,False,15,5,0,0,13,1.0,0.0
2019-08,1,0.2236067977499789,0.125,0.2222222222222222,0.25,0.2,0.05,20,0.2812664140627283,0.0285714285714285,0.1690308509457033,1,0.0008308663225327,0.125,0.0008302200083022,0.0008643042350907,0.0007987220447284,6.90338845919131e-07,1448564,0.1078472255192248,9.398496240601504e-05,0.0096945841791185,24.0,33745.0,161825.0,9480528.862847222,0.5097402597402597,True,308,157,3,0,176,0.0,1.0
2019-08,1,0.1507556722888818,0.0714285714285714,0.1333333333333333,0.25,0.0909090909090909,0.0227272727272727,44,0.2812664140627283,0.0285714285714285,0.1690308509457033,1,0.0009587115230858,0.0714285714285714,0.0009429514380009,0.001150747986191,0.0007987220447284,9.191277844976232e-07,1087988,0.1078472255192248,9.398496240601504e-05,0.0096945841791185,21.0,33745.0,161825.0,12382731.57596372,0.56,True,51,28,1,1,29,0.0,1.0
2019-08,1,0.1543033499620919,0.0454545454545454,0.0869565217391304,0.5,0.0476190476190476,0.0238095238095238,42,0.3606737602222408,0.0625,0.25,1,0.0005686470080951,0.0454545454545454,0.000313725490196,0.0018903591682419,0.0001710571330824,3.233594198155946e-07,3092534,0.1170915817486117,0.0001954270080125,0.0139795210222849,78.0,671125.0,24869.0,2743295.138888889,0.2941176470588235,False,19,5,2,2,11,0.0,1.0
2019-09,2,0.3162277660168379,0.1666666666666666,0.2857142857142857,0.5,0.2,0.05,40,0.8513268733274981,0.1909090909090909,0.6177391105946015,2,0.0039333515491635,0.1666666666666666,0.0027567195037904,0.0096153846153846,0.0016090104585679,7.735627204653753e-06,258544,0.2665719669348304,0.0012532446642075,0.0479884272725687,57.0,18901.0,934927.0,5438921.2763927365,0.0454545454545454,False,66,3,0,0,19,1.0,0.0
2019-09,1,0.1005037815259212,0.0526315789473684,0.1,0.1111111111111111,0.0909090909090909,0.0101010101010101,99,0.2812664140627283,0.0285714285714285,0.1690308509457033,1,0.000949491659557,0.0526315789473684,0.0006291286568103,0.0025062656641604,0.0003597122302158,9.015344115684896e-07,1109220,0.1092458690553643,0.0001058313048999,0.0102874343205674,50.0,80705.0,130181.0,4202503.042,0.05,False,21,1,1,1,9,0.0,1.0
2019-09,2,0.282842712474619,0.1538461538461538,0.2666666666666666,0.4,0.2,0.04,50,0.7107418319487502,0.1311111111111111,0.4747546895706428,2,0.0033853161975764,0.1538461538461538,0.0026143790849673,0.007168458781362,0.0015987210231814,5.7301828787865765e-06,349029,0.2710737381076904,0.0025735785343811,0.0582670595351336,223.0,92624.0,56452.0,105146.09278288322,0.5970149253731343,True,67,40,0,0,66,1.0,0.0
2019-09,1,0.1443375672974064,0.0666666666666666,0.125,0.25,0.0833333333333333,0.0208333333333333,48,0.2556222186353314,0.02,0.1414213562373095,1,0.0029858462974675,0.0666666666666666,0.0016233766233766,0.0101010101010101,0.0008826125330979,8.915278112100707e-06,112167,0.1040998789708066,6.731287022078621e-05,0.0082044421029577,165.0,22067.0,125203.0,101482.26266299355,0.05,False,20,1,0,0,8,1.0,0.0
2019-09,3,0.4472135954999579,0.2727272727272727,0.4285714285714285,0.6,0.3333333333333333,0.0666666666666666,45,1.2480273270898303,0.2866666666666667,0.8658974127180106,3,0.0089915115241568,0.2727272727272727,0.0088495575221238,0.010752688172043,0.0075187969924812,2.6949093163015065e-05,111321,0.3886291374275065,0.0018451469630248,0.0677579687801162,152.0,80705.0,92624.0,323546.5685595568,0.4761904761904761,False,21,10,0,0,19,1.0,0.0
2019-10,2,0.2132007163556104,0.0833333333333333,0.1538461538461538,0.5,0.0909090909090909,0.0227272727272727,88,0.8919188272465812,0.2166666666666666,0.6318550882138421,2,0.0007017365026032,0.0833333333333333,0.0003498032356799,0.0026281208935611,0.0001873711823121,2.4621705954291775e-07,8122914,0.2860968340611501,0.0024133403361344,0.0635125943810742,178.0,56452.0,74355.0,132479.75192526195,0.2432432432432432,False,37,9,3,0,22,1.0,0.0
2019-10,2,0.2108185106778919,0.1176470588235294,0.2105263157894736,0.2222222222222222,0.2,0.0222222222222222,90,0.7863017644931014,0.1575757575757576,0.5597102343249247,2,0.0026963509124173,0.1176470588235294,0.0023584905660377,0.0045766590389016,0.0015885623510722,3.635154121446864e-06,550183,0.2707750768707723,0.0013193346219176,0.0502933137837792,160.0,18901.0,33934.0,25054.161484375,0.1363636363636363,False,66,9,1,0,51,0.0,0.0
2019-10,2,0.2132007163556104,0.0833333333333333,0.1538461538461538,0.5,0.0909090909090909,0.0227272727272727,88,0.8919188272465812,0.2166666666666666,0.6318550882138421,2,0.0007017365026032,0.0833333333333333,0.0003498032356799,0.0026281208935611,0.0001873711823121,2.4621705954291775e-07,8122914,0.2860968340611501,0.0024133403361344,0.0635125943810742,178.0,56452.0,74355.0,132479.75192526195,0.1538461538461538,False,39,6,3,0,18,1.0,0.0
2019-10,1,0.1240347345892084,0.0588235294117647,0.1111111111111111,0.2,0.0769230769230769,0.0153846153846153,65,0.369269373068855,0.0666666666666666,0.2581988897471611,1,0.0006093600832827,0.0588235294117647,0.0005614823133071,0.0009182736455463,0.0004043671653861,3.71319711098412e-07,2693097,0.1274756952074255,0.0003918495297805,0.0197951895616223,66.0,229797.0,187011.0,9865603.022727272,0.4375,False,16,7,0,0,14,0.0,1.0
2019-11,1,0.1543033499620919,0.0833333333333333,0.1538461538461538,0.1666666666666666,0.1428571428571428,0.0238095238095238,42,0.4024296043818446,0.0833333333333333,0.2886751345948129,1,0.0021291540730902,0.0833333333333333,0.0017969451931716,0.003875968992248,0.0011695906432748,4.533297066956798e-06,220590,0.1455372890743522,0.0010373443983402,0.0322078313200415,167.0,103785.0,934927.0,3479199.637670766,0.3934426229508196,False,61,24,2,0,59,0.0,1.0
2019-11,2,0.2390457218668787,0.1176470588235294,0.2105263157894736,0.4,0.1428571428571428,0.0285714285714285,70,0.5949974572595582,0.0717391304347826,0.3710487539048761,2,0.001858756127763,0.1176470588235294,0.0011111111111111,0.0056022408963585,0.0006167129201356,1.7274871712483945e-06,1157751,0.2129403841045758,0.0001684357814325,0.0182948372329366,118.0,79650.0,103402.0,591494.4915254237,0.7857142857142857,True,14,11,2,0,11,1.0,0.0
2019-11,3,0.375,0.1764705882352941,0.3,0.75,0.1875,0.046875,64,0.99369200099023,0.1472850678733031,0.662258557924496,3,0.0038920229890333,0.1764705882352941,0.0025521054870267,0.0104166666666666,0.0014541929229277,5.049280982388108e-06,594144,0.3602203601028949,0.0007412007231378,0.0468058191052311,13.0,95884.0,246443.0,139822133.79881656,0.6153846153846154,True,26,16,0,0,16,0.0,1.0
2019-12,3,0.4330127018922193,0.2727272727272727,0.4285714285714285,0.5,0.375,0.0625,48,0.9680307386228236,0.1373949579831933,0.6351732737320153,3,0.0014922935488461,0.2727272727272727,0.0014910536779324,0.0015544041450777,0.0014326647564469,7.423133453093219e-07,4041420,0.3436246694957451,0.0005565868688302,0.0390519412461387,176.0,128857.0,226630.0,942757.6804622934,0.25,False,16,4,0,0,7,0.0,0.0
2019-12,1,0.2,0.1111111111111111,0.2,0.2,0.2,0.04,25,0.4342944819032517,0.1,0.3162277660168379,1,0.0016743936836283,0.1111111111111111,0.0013458950201884,0.0033222591362126,0.00084388185654,2.803594207774367e-06,356685,0.1316153502603078,0.0005015045135406,0.0223942964511194,161.0,45410.0,94643.0,165801.42085567687,0.3015873015873015,False,63,19,2,0,52,1.0,1.0
2020-02,2,0.2182178902359924,0.0869565217391304,0.16,0.5,0.0952380952380952,0.0238095238095238,84,0.6341829204284783,0.0854545454545454,0.4132007163556104,2,0.000852306425286,0.0869565217391304,0.0006768189509306,0.0017256255392579,0.0004209640075773,3.632131212919346e-07,5506409,0.2271670188157514,0.0003057490405633,0.0245838588976021,47.0,75763.0,122089.0,4187337.667270258,0.203125,False,322,65,5,2,301,0.0,0.0
2020-02,1,0.1825741858350553,0.0833333333333333,0.1538461538461538,0.3333333333333333,0.1,0.0333333333333333,30,0.2769378934088574,0.027027027027027,0.1643989873053573,1,0.0014199532542043,0.0833333333333333,0.0012084592145015,0.0025445292620865,0.0007923930269413,2.016267244125605e-06,495966,0.1098514748075094,0.0001113089937666,0.0105503077569659,22.0,18425.0,161825.0,6160383.5227272725,0.2258064516129032,False,31,7,0,0,17,0.0,1.0
2020-03,3,0.2631174057921088,0.15,0.2608695652173913,0.3,0.2307692307692307,0.023076923076923,130,0.925756385969748,0.1205408818267915,0.5911503305071217,3,0.0013595400384619,0.15,0.0012687671812222,0.0019801980198019,0.0009334163036714,6.161163720603548e-07,4869210,0.3381023756247158,0.0004552998574469,0.0360650809729505,88.0,130181.0,188217.0,3164033.739282025,0.5362318840579711,True,69,37,1,0,50,0.0,0.0
2020-04,1,0.1360827634879543,0.05,0.0952380952380952,0.3333333333333333,0.0555555555555555,0.0185185185185185,54,0.369269373068855,0.0666666666666666,0.2581988897471611,1,0.0005316652452615,0.05,0.0004666355576294,0.0008960573476702,0.0003154574132492,2.8266793301900657e-07,3537720,0.129137179804051,0.000433463372345,0.0208197831963984,23.0,229797.0,160740.0,69825273.68620038,0.0914285714285714,False,175,16,0,0,41,0.0,1.0
2020-04,9,0.5625,0.391304347826087,0.5625,0.5625,0.5625,0.03515625,256,3.306884929860664,0.6092421915002559,2.282158169124477,9,0.0019447613461684,0.391304347826087,0.0019444744517662,0.0019784568036931,0.001911639762107,4.202329659501103e-07,21416692,1.1042943315427718,0.0033581621250162,0.1598224587552002,162.0,133133.0,122089.0,619344.4153711324,0.0,False,33,0,33,33,0,1.0,0.0
2020-06,3,0.2314550249431378,0.1304347826086956,0.2307692307692307,0.25,0.2142857142857142,0.0178571428571428,168,1.3003603427690789,0.2992424242424242,0.9437398697658504,3,0.0019928448038307,0.1304347826086956,0.0019077901430842,0.0026833631484794,0.0014800197335964,1.323810137385016e-06,2266186,0.3961910731325673,0.0016224160394225,0.0685853245906353,135.0,167651.0,112311.0,1033144.1130864198,0.03125,False,32,1,0,0,18,1.0,1.0
2020-06,1,0.1543033499620919,0.0454545454545454,0.0869565217391304,0.5,0.0476190476190476,0.0238095238095238,42,0.4342944819032517,0.1,0.3162277660168379,1,0.00232371588237,0.0454545454545454,0.0004387889425186,0.024390243902439,0.0002213858755811,5.399655501978974e-06,185197,0.1423378473242946,0.0008888888888888,0.0298142396999972,,671125.0,38364.0,,0.3333333333333333,False,13,4,1,1,4,1.0,1.0
2020-06,3,0.2314550249431378,0.1304347826086956,0.2307692307692307,0.25,0.2142857142857142,0.0178571428571428,168,1.3003603427690789,0.2992424242424242,0.9437398697658504,3,0.0019928448038307,0.1304347826086956,0.0019077901430842,0.0026833631484794,0.0014800197335964,1.323810137385016e-06,2266186,0.3961910731325673,0.0016224160394225,0.0685853245906353,135.0,167651.0,112311.0,1033144.1130864198,0.28125,False,32,9,0,0,13,1.0,1.0
2020-07,5,0.3311330892662609,0.1923076923076923,0.3225806451612903,0.4166666666666667,0.2631578947368421,0.0219298245614035,228,2.475392498348324,0.6544945250827604,1.6683925627586529,5,0.0022098299762205,0.1923076923076923,0.0018412815319462,0.0041186161449752,0.0011856770215793,9.766697047605616e-07,5119438,0.7151418412409688,0.0076805411434002,0.1644906607911654,157.0,934927.0,125203.0,4748901.179804455,0.1533101045296167,False,290,44,29,3,198,0.0,1.0
2020-07,2,0.2649064714130087,0.1,0.1818181818181818,0.6666666666666666,0.1052631578947368,0.0350877192982456,57,0.6836960184445731,0.1119047619047619,0.4577059855405162,2,0.0022462043839286,0.1,0.0009080590238365,0.0106382978723404,0.0004742708086317,2.5227170671900464e-06,792796,0.2496483232237585,0.0009259727177476,0.0388124278250021,71.0,934927.0,47734.0,8852966.756199166,0.0804597701149425,False,88,7,2,1,31,1.0,0.0
2020-08,3,0.3721042037676254,0.2,0.3333333333333333,0.6,0.2307692307692307,0.0461538461538461,65,1.4371283080952717,0.3736111111111111,1.0305469288332911,3,0.0028701655951222,0.2,0.0028694404591104,0.0029354207436399,0.0028063610851262,2.74595018114118e-06,1092518,0.4567665388395772,0.0061436168900652,0.1187502561283216,162.0,87498.0,112311.0,374447.0308641975,0.4333333333333333,False,61,26,6,1,44,1.0,0.0
2020-08,3,0.3721042037676254,0.2,0.3333333333333333,0.6,0.2307692307692307,0.0461538461538461,65,1.4371283080952717,0.3736111111111111,1.0305469288332911,3,0.0028701655951222,0.2,0.0028694404591104,0.0029354207436399,0.0028063610851262,2.74595018114118e-06,1092518,0.4567665388395772,0.0061436168900652,0.1187502561283216,162.0,87498.0,112311.0,374447.0308641975,0.1587301587301587,False,63,10,5,0,54,1.0,0.0
2020-09,4,0.2864459496157732,0.1666666666666666,0.2857142857142857,0.3076923076923077,0.2666666666666666,0.0205128205128205,195,1.5485178302549008,0.3090277777777777,1.0874602978195962,4,0.0013645981239632,0.1666666666666666,0.0013420567018956,0.0016386726751331,0.0011363636363636,4.655320099810063e-07,8592320,0.5085155766879761,0.0017727073640029,0.0804601932947512,99.0,79650.0,160740.0,1306289.256198347,0.0,False,29,0,0,0,12,0.0,1.0
2020-10,2,0.2480694691784169,0.125,0.2222222222222222,0.4,0.1538461538461538,0.0307692307692307,65,0.750545005473521,0.1394230769230769,0.5273500981126146,2,0.0017179430058824,0.125,0.001494209936496,0.0029498525073746,0.001000500250125,1.475664085730181e-06,1355322,0.2559834852749341,0.0008162000676888,0.0402811110423665,16.0,33012.0,167651.0,21619120.359375,0.28,False,25,7,0,0,7,0.0,1.0
2020-11,1,0.0932504808240313,0.037037037037037,0.0714285714285714,0.2,0.0434782608695652,0.008695652173913,115,0.3529561238647611,0.0588235294117647,0.2425356250363329,1,0.0004276001601699,0.037037037037037,0.000320358801858,0.0009487666034155,0.0001927153594141,1.8284189697736745e-07,5469206,0.1300032846438259,0.0004564125969876,0.0213638151318456,130.0,33183.0,671125.0,1317747.9807692308,0.44,False,25,11,0,0,21,0.0,0.0
2020-11,1,0.1118033988749894,0.05,0.0952380952380952,0.2,0.0625,0.0125,80,0.3529561238647611,0.0588235294117647,0.2425356250363329,1,0.0005610584021847,0.05,0.0004916420845624,0.0009487666034155,0.0003317850033178,3.147865306620968e-07,3176756,0.1300032846438259,0.0004564125969876,0.0213638151318456,148.0,934927.0,33183.0,1416347.819621987,0.1666666666666666,False,31,5,4,1,14,0.0,0.0
2020-11,2,0.2020305089104421,0.1052631578947368,0.1904761904761904,0.2857142857142857,0.1428571428571428,0.0204081632653061,98,0.6649052451649946,0.0990338164251207,0.4442166744525906,2,0.0012972793155575,0.1052631578947368,0.0012037315678603,0.0019193857965451,0.0008768084173608,8.414668112867626e-07,2376802,0.2369985612239106,0.000434728912173,0.0294389805528081,134.0,103785.0,77566.0,448328.54254845175,0.3636363636363636,False,33,12,1,0,28,1.0,0.0
2020-12,2,0.1889822365046136,0.0666666666666666,0.125,0.5,0.0714285714285714,0.0178571428571428,112,0.7183299840043311,0.1245421245421245,0.4955679883486069,2,0.0019181495498672,0.0666666666666666,0.0005614035087719,0.0128205128205128,0.0002869852202611,1.8396488478279264e-06,1087164,0.2280824101622139,0.0003260814792864,0.0251534420287248,165.0,374374.0,69691.0,958328.6844444444,0.2727272727272727,False,33,9,0,0,22,1.0,0.0
2021-01,1,0.1072112534837794,0.032258064516129,0.0625,0.3333333333333333,0.0344827586206896,0.0114942528735632,87,0.3529561238647611,0.0588235294117647,0.2425356250363329,1,0.0015683308166871,0.032258064516129,0.0002925687536571,0.0166666666666666,0.0001475796930342,2.459661550570641e-06,406560,0.124341332794448,0.0003215434083601,0.0179316315030208,129.0,374374.0,60749.0,1366675.4477495344,0.7727272727272727,True,22,17,0,0,19,0.0,0.0
2021-02,2,0.2721655269759087,0.1538461538461538,0.2666666666666666,0.3333333333333333,0.2222222222222222,0.037037037037037,54,0.6977281118219061,0.1142857142857142,0.4764167799831534,2,0.0015987710813024,0.1538461538461538,0.0015974440894568,0.0016652789342214,0.0015349194167306,1.2780344852045143e-06,1564903,0.2350500085656524,0.0004460045945752,0.028921301450818,43.0,168212.0,161825.0,14721961.546782045,0.3809523809523809,False,43,16,1,1,16,1.0,0.0
2021-03,2,0.3333333333333333,0.1818181818181818,0.3076923076923077,0.5,0.2222222222222222,0.0555555555555555,36,0.6175295569438786,0.0787878787878788,0.3957749021906658,2,0.0013675694016302,0.1818181818181818,0.00130081300813,0.0018814675446848,0.0009940357852882,9.351230341376016e-07,2138756,0.2223013055470435,0.0002497831288257,0.0222884301824087,50.0,161825.0,226630.0,14669759.9,0.0,False,32,0,0,0,1,0.0,1.0
2021-03,1,0.25,0.1111111111111111,0.2,0.5,0.125,0.0625,16,0.4342944819032517,0.1,0.3162277660168379,1,0.0016707650677894,0.1111111111111111,0.00127959053103,0.003584229390681,0.0007788161993769,2.79145591174533e-06,358236,0.1390981593955311,0.000754716981132,0.0274721127897378,21.0,47734.0,56452.0,6110384.961451247,0.0533333333333333,False,75,4,0,0,6,0.0,1.0
2021-04,1,0.1507556722888818,0.0434782608695652,0.0833333333333333,0.5,0.0454545454545454,0.0227272727272727,44,0.369269373068855,0.0666666666666666,0.2581988897471611,1,0.0015917594623158,0.0434782608695652,0.0002218770800976,0.0227272727272727,0.0001114827201783,2.533698185872099e-06,394680,0.126336830498904,0.0003650967506389,0.019107505086717,187.0,83051.0,56452.0,134072.89462094998,0.1363636363636363,False,22,3,4,0,6,0.0,0.0
2021-04,1,0.1290994448735805,0.0625,0.1176470588235294,0.2,0.0833333333333333,0.0166666666666666,60,0.3789231816899512,0.0714285714285714,0.2672612419124244,1,0.0006888119144615,0.0625,0.0006451612903225,0.0009930486593843,0.0004777830864787,4.744618535042092e-07,2107651,0.130863255513551,0.0004800768122899,0.0219106552227441,110.0,51060.0,77566.0,327315.69917355373,0.3666666666666666,False,30,11,0,0,15,0.0,1.0
2021-04,1,0.2182178902359924,0.1111111111111111,0.2,0.3333333333333333,0.1428571428571428,0.0476190476190476,21,0.3789231816899512,0.0714285714285714,0.2672612419124244,1,0.0009622152571608,0.1111111111111111,0.0009615384615384,0.0009990009990009,0.0009267840593141,9.258582011130668e-07,1080079,0.130863255513551,0.0004800768122899,0.0219106552227441,90.0,103785.0,229797.0,2944380.45,0.1290322580645161,False,31,4,2,0,12,0.0,0.0
2021-04,1,0.1290994448735805,0.0625,0.1176470588235294,0.2,0.0833333333333333,0.0166666666666666,60,0.3789231816899512,0.0714285714285714,0.2672612419124244,1,0.0006888119144615,0.0625,0.0006451612903225,0.0009930486593843,0.0004777830864787,4.744618535042092e-07,2107651,0.130863255513551,0.0004800768122899,0.0219106552227441,110.0,51060.0,77566.0,327315.69917355373,0.1,False,30,3,0,0,21,0.0,1.0
2021-04,2,0.2981423969999719,0.125,0.2222222222222222,0.6666666666666666,0.1333333333333333,0.0444444444444444,45,0.6651269153957078,0.1055555555555555,0.4377463330947989,2,0.0023813827292164,0.125,0.0009610764055742,0.0112994350282485,0.0005018820577164,2.835491851505292e-06,705345,0.2357890549977586,0.000550925274893,0.0304105704943627,213.0,133133.0,69663.0,204422.4950737288,0.0333333333333333,False,30,1,2,0,22,1.0,0.0
2021-05,2,0.3333333333333333,0.1818181818181818,0.3076923076923077,0.5,0.2222222222222222,0.0555555555555555,36,0.7392161137703166,0.1458333333333333,0.4978909578906801,2,0.0023509181422955,0.1818181818181818,0.0022870211549456,0.0029761904761904,0.0018570102135561,2.7634080558871647e-06,723744,0.2481730012757825,0.0010304356313663,0.0392680990021406,85.0,53730.0,112311.0,835220.7653979239,0.2105263157894736,False,57,12,0,0,21,1.0,0.0
2021-05,2,0.3535533905932737,0.2,0.3333333333333333,0.5,0.25,0.0625,32,0.7134373801207474,0.1319444444444444,0.4776709006307398,2,0.0023935228912573,0.2,0.0023378141437755,0.0029761904761904,0.0019249278152069,2.8644759154865025e-06,698208,0.2474323168929306,0.000996476830541,0.038715878341056,107.0,53730.0,18901.0,88702.13381081317,0.1359223300970873,False,103,14,2,0,49,1.0,0.0
2021-05,2,0.2309401076758502,0.0769230769230769,0.1428571428571428,0.6666666666666666,0.08,0.0266666666666666,75,0.6867643245600952,0.1088235294117647,0.4661424227863119,2,0.000808897099272,0.0769230769230769,0.0003773228940665,0.0032679738562091,0.0002002202422664,3.2715725860538094e-07,6113268,0.239812233542244,0.000477612764231,0.0309067163654709,251.0,,56452.0,,0.1428571428571428,False,155,22,6,1,76,0.0,1.0
2021-05,2,0.2800560168056019,0.1111111111111111,0.2,0.6666666666666666,0.1176470588235294,0.0392156862745098,51,0.64447566797514,0.09,0.423606797749979,2,0.0012501504177712,0.1111111111111111,0.0008343763037129,0.0032679738562091,0.0004782400765184,7.814380335268174e-07,2559384,0.2284738291282099,0.0003386028471051,0.0254487142459916,104.0,133133.0,,,0.1736111111111111,False,288,50,0,0,95,0.0,0.0
2021-05,1,0.1581138830084189,0.0476190476190476,0.0909090909090909,0.5,0.05,0.025,40,0.3106674672798059,0.04,0.2,1,0.0018727642591032,0.0476190476190476,0.0004693733865289,0.0147058823529411,0.0002384927259718,3.50724597017438e-06,285124,0.1085865962176552,0.0001001101211332,0.0100055045416633,198.0,13355.0,671125.0,228621.4257473727,0.2702702702702703,False,38,10,5,1,21,1.0,0.0
2021-05,2,0.1980295085953348,0.0571428571428571,0.1081081081081081,0.6666666666666666,0.0588235294117647,0.0196078431372549,102,0.6753501582315751,0.1117424242424242,0.44584891187517,2,0.0017901767368961,0.0571428571428571,0.0004600345025876,0.0136986301369863,0.0002339454907006,1.602366374662101e-06,1248154,0.2354523394723053,0.0005588897404541,0.0304011663757221,3.0,374374.0,374374.0,15572876875.11111,0.08,False,75,6,0,0,6,0.0,0.0
2021-05,2,0.2800560168056019,0.1111111111111111,0.2,0.6666666666666666,0.1176470588235294,0.0392156862745098,51,0.64447566797514,0.09,0.423606797749979,2,0.0012501504177712,0.1111111111111111,0.0008343763037129,0.0032679738562091,0.0004782400765184,7.814380335268174e-07,2559384,0.2284738291282099,0.0003386028471051,0.0254487142459916,104.0,133133.0,,,0.1288135593220339,False,295,38,8,0,63,0.0,0.0
2021-06,1,0.25,0.1111111111111111,0.2,0.5,0.125,0.0625,16,0.4342944819032517,0.1,0.3162277660168379,1,0.001750618296273,0.1111111111111111,0.0013201320132013,0.0038461538461538,0.0007968127490039,3.064664419246093e-06,326300,0.1404725954832445,0.0008097165991902,0.0284555196612236,21.0,47734.0,56452.0,6110384.961451247,0.1095890410958904,False,74,8,1,1,13,0.0,1.0
2021-06,1,0.25,0.1428571428571428,0.25,0.25,0.25,0.0625,16,0.369269373068855,0.0666666666666666,0.2581988897471611,1,0.0009970491131808,0.1428571428571428,0.0009970089730807,0.0010060362173038,0.0009881422924901,9.941069340946867e-07,1005928,0.1297435508049628,0.0004494382022471,0.0211999576001272,68.0,51060.0,87498.0,966186.8252595155,0.375,False,48,18,0,0,20,1.0,0.0
2021-08,3,0.3692744729379982,0.2142857142857142,0.3529411764705882,0.5,0.2727272727272727,0.0454545454545454,66,1.232228326374082,0.2673992673992674,0.8735324613578341,3,0.0023521216487054,0.2142857142857142,0.0022296544035674,0.0032715376226826,0.0016910935738444,1.8441587501029653e-06,1626758,0.3735430623482041,0.0012225728829367,0.0564693695137069,43.0,168212.0,161825.0,14721961.546782045,0.5,True,6,3,0,0,3,1.0,0.0
2021-08,1,0.25,0.1428571428571428,0.25,0.25,0.25,0.0625,16,0.3789231816899512,0.0714285714285714,0.2672612419124244,1,0.0019050695054427,0.1428571428571428,0.001556420233463,0.0036764705882352,0.0009871668311944,3.629289820567911e-06,275536,0.125131508803802,0.0003382949932341,0.0183927973194427,76.0,11025.0,33183.0,63338.39594875346,0.5074626865671642,True,67,34,0,0,50,1.0,0.0
2021-08,1,0.1324532357065043,0.0476190476190476,0.0909090909090909,0.3333333333333333,0.0526315789473684,0.0175438596491228,57,0.3789231816899512,0.0714285714285714,0.2672612419124244,1,0.0005417004435887,0.0476190476190476,0.0003422313483915,0.0015220700152207,0.0001927896664738,2.934393705842877e-07,3407859,0.1258789895213352,0.0003547357218871,0.0188344291627645,105.0,41543.0,122089.0,460040.2110657597,0.0,False,67,0,67,0,49,0.0,0.0
2021-08,3,0.253546276418555,0.0833333333333333,0.1538461538461538,0.75,0.0857142857142857,0.0214285714285714,140,1.2731991965961125,0.2852564102564102,0.9195786233007012,3,0.0009554661502306,0.0833333333333333,0.0006038647342995,0.0026833631484794,0.0003402132002721,3.043051880788646e-07,9858524,0.4001083811199517,0.0017214379451148,0.0710187080112012,41.0,374374.0,42616.0,9490971.079119572,0.4761904761904761,False,22,10,1,1,10,0.0,0.0
2021-09,1,0.098058067569092,0.0188679245283018,0.037037037037037,0.5,0.0192307692307692,0.0096153846153846,104,0.5581106265512472,0.1666666666666666,0.4082482904638631,1,0.0007981763665793,0.0188679245283018,0.0001341021858656,0.0094339622641509,6.75310642895732e-05,6.37085512165785e-07,1569648,0.1322464133643157,0.000520020800832,0.0228039645858353,194.0,39677.0,934927.0,985628.0842544372,0.1176470588235294,False,68,8,1,0,57,1.0,0.0
2021-09,1,0.098058067569092,0.0188679245283018,0.037037037037037,0.5,0.0192307692307692,0.0096153846153846,104,0.5581106265512472,0.1666666666666666,0.4082482904638631,1,0.0007981763665793,0.0188679245283018,0.0001341021858656,0.0094339622641509,6.75310642895732e-05,6.37085512165785e-07,1569648,0.1322464133643157,0.000520020800832,0.0228039645858353,194.0,39677.0,934927.0,985628.0842544372,0.1690140845070422,False,72,12,2,1,51,1.0,0.0
2021-09,1,0.2041241452319315,0.1111111111111111,0.2,0.25,0.1666666666666666,0.0416666666666666,24,0.2530848692773169,0.0192307692307692,0.1386750490563073,1,0.0007034107478171,0.1111111111111111,0.0006724949562878,0.0009514747859181,0.000520020800832,4.947866801446558e-07,2021073,0.1041349613213938,6.75310642895732e-05,0.0082177286575776,236.0,45410.0,226630.0,184775.7163889687,0.5,True,64,32,2,0,54,1.0,0.0
2021-10,1,0.2182178902359924,0.1111111111111111,0.2,0.3333333333333333,0.1428571428571428,0.0476190476190476,21,0.2583177668073287,0.0208333333333333,0.1443375672974064,1,0.0035436937963546,0.1111111111111111,0.0016977928692699,0.0138888888888888,0.0009041591320072,1.2557765722322683e-05,79632,0.1042173572630294,6.804572672836147e-05,0.0082489833754446,,194291.0,188217.0,,0.2916666666666667,False,24,7,0,0,20,0.0,1.0
2021-10,1,0.2041241452319315,0.1,0.1818181818181818,0.3333333333333333,0.125,0.0416666666666666,24,0.3789231816899512,0.0714285714285714,0.2672612419124244,1,0.0018821680939932,0.1,0.0013764624913971,0.0043290043290043,0.0008183306055646,3.542556734046096e-06,282282,0.140408816637365,0.0008071025020177,0.0284095494863568,21.0,47734.0,56452.0,6110384.961451247,0.0821917808219178,False,73,6,0,0,8,1.0,1.0
2021-10,2,0.2886751345948129,0.1666666666666666,0.2857142857142857,0.3333333333333333,0.25,0.0416666666666666,48,0.8243889863822738,0.1777777777777777,0.5915322230804945,2,0.0017792017089454,0.1666666666666666,0.0017738359201773,0.0019230769230769,0.0016460905349794,1.5827793605571382e-06,1263600,0.2693500416493662,0.0012273797423267,0.0490547350792659,68.0,51060.0,87498.0,966186.8252595155,0.3939393939393939,False,69,26,3,3,33,1.0,0.0
2021-10,5,0.3340765523905304,0.2,0.3333333333333333,0.3571428571428571,0.3125,0.0223214285714285,224,1.6133252674401222,0.2349283648196692,1.052799956519614,5,0.0026519728709408,0.2,0.0024342745861733,0.0040355125100887,0.0017427675148135,1.406592021641262e-06,3554691,0.5922306457709856,0.0015463434440449,0.0783015219149862,157.0,934927.0,125203.0,4748901.179804455,0.1363636363636363,False,22,3,0,0,17,0.0,1.0
2021-10,1,0.1889822365046136,0.1,0.1818181818181818,0.25,0.1428571428571428,0.0357142857142857,28,0.369269373068855,0.0666666666666666,0.2581988897471611,1,0.0009061317168259,0.1,0.0009057971014492,0.0009310986964618,0.0008818342151675,8.210746882379409e-07,1217916,0.1295036215561021,0.0004430660168365,0.0210491333987057,90.0,103785.0,229797.0,2944380.45,0.7333333333333333,True,30,22,0,0,27,1.0,1.0
2021-11,4,0.3813850356982369,0.1739130434782608,0.2962962962962963,0.8,0.1818181818181818,0.0363636363636363,110,1.340872554410924,0.2054505135387488,0.8972687363775522,4,0.001876613178734,0.1739130434782608,0.0007213055630691,0.0093896713615023,0.0003750586029067,8.804192556495403e-07,4543290,0.483488269158311,0.0011358063939608,0.0651327535884168,144.0,95884.0,56452.0,261036.05169753087,0.3333333333333333,False,60,20,5,0,45,0.0,1.0
2021-11,4,0.4216370213557839,0.2105263157894736,0.3478260869565217,0.8,0.2222222222222222,0.0444444444444444,90,1.3184117512984028,0.1953495034377387,0.8747671923376468,4,0.0042939766381157,0.2105263157894736,0.003248071457572,0.0093896713615023,0.0019636720667648,4.60955884217101e-06,867762,0.4600614056750151,0.0007386530279963,0.0526592986831859,13.0,95884.0,246443.0,139822133.79881656,0.4878048780487805,True,41,20,0,0,20,1.0,1.0
2021-11,5,0.3768891807222045,0.2272727272727272,0.3703703703703703,0.4545454545454545,0.3125,0.0284090909090909,176,1.8580079069347468,0.3617027417027417,1.2559141026201552,5,0.0025996769613341,0.2272727272727272,0.0023663038334122,0.0040387722132471,0.001673360107095,1.3516640606583578e-06,3699144,0.6869330775694026,0.0078889992736172,0.1512997094717538,157.0,934927.0,125203.0,4748901.179804455,0.4186046511627907,False,43,18,0,0,39,0.0,1.0
2022-04,1,0.1360827634879543,0.05,0.0952380952380952,0.3333333333333333,0.0555555555555555,0.0185185185185185,54,0.3529561238647611,0.0588235294117647,0.2425356250363329,1,0.0016712689933227,0.05,0.0008022462896109,0.0065359477124183,0.0004273504273504,2.793140048042009e-06,358020,0.1171776546718996,0.0001966568338249,0.014023438730389,90.0,44870.0,246443.0,1365172.5197530864,0.2539682539682539,False,63,16,5,0,30,1.0,0.0
2022-04,2,0.2041241452319315,0.1,0.1818181818181818,0.3333333333333333,0.125,0.0208333333333333,96,0.5938365666462946,0.0697940503432494,0.3707358351878373,2,0.0017393619267083,0.1,0.0012015620306398,0.0043383947939262,0.000697350069735,1.51268995604123e-06,1322148,0.2181071544807416,0.0002084789759764,0.0204131189116723,55.0,934927.0,50855.0,15717590.937190082,0.0,False,25,0,3,3,3,0.0,1.0
2022-04,1,0.2,0.1111111111111111,0.2,0.2,0.2,0.04,25,0.3459762562611936,0.0555555555555555,0.2357022603955158,1,0.0015359732777379,0.1111111111111111,0.0013670539986329,0.0025125628140703,0.0009389671361502,2.359213909925213e-06,423870,0.1289007591924034,0.0004273504273504,0.020672455764868,106.0,103785.0,11025.0,101836.02928088288,0.1860465116279069,False,86,16,0,0,38,0.0,0.0
2022-05,4,0.3508232077228117,0.1481481481481481,0.2580645161290322,0.8,0.1538461538461538,0.0307692307692307,130,1.4319202179934654,0.2566666666666666,0.9698661633488538,4,0.0013860111209004,0.1481481481481481,0.0007082152974504,0.0050441361916771,0.0003808435685042,4.802567068149267e-07,8328879,0.4755572137171705,0.001007800204612,0.0609205004684543,175.0,35814.0,56452.0,66017.04254693877,0.1519434628975265,False,285,43,18,2,163,1.0,1.0
2022-05,1,0.1490711984999859,0.0769230769230769,0.1428571428571428,0.2,0.1111111111111111,0.0222222222222222,45,0.2710850306818168,0.025,0.1581138830084189,1,0.0022196368917776,0.0769230769230769,0.0013586956521739,0.0064935064935064,0.0007587253414264,4.926787931340283e-06,202972,0.109500494729755,0.0001081081081081,0.0103975048982007,71.0,18901.0,934927.0,3505466.222376513,0.3432835820895522,False,67,23,35,0,34,1.0,0.0
2022-05,1,0.1825741858350553,0.0625,0.1176470588235294,0.5,0.0666666666666666,0.0333333333333333,30,0.3789231816899512,0.0714285714285714,0.2672612419124244,1,0.0019100045043689,0.0625,0.0004250797024442,0.0169491525423728,0.0002152389151958,3.648117206709617e-06,274114,0.1281688249400879,0.0004088307440719,0.0202195633996373,177.0,133133.0,4370.0,18570.37281751732,0.3508771929824561,False,58,20,4,1,55,1.0,0.0
2022-05,1,0.2,0.1111111111111111,0.2,0.2,0.2,0.04,25,0.3529561238647611,0.0588235294117647,0.2425356250363329,1,0.0014468401803449,0.1111111111111111,0.0012870012870012,0.0023696682464454,0.0008833922261484,2.093346507460687e-06,477704,0.1294961928844607,0.0004428697962798,0.0210444718698259,106.0,103785.0,11025.0,101836.02928088288,0.2659574468085106,False,94,25,2,0,43,1.0,1.0
2022-05,1,0.2236067977499789,0.125,0.2222222222222222,0.25,0.2,0.05,20,0.2710850306818168,0.025,0.1581138830084189,1,0.0024497739330434,0.125,0.0016181229773462,0.0064935064935064,0.0009242144177449,6.0013923230189405e-06,166628,0.109500494729755,0.0001081081081081,0.0103975048982007,137.0,51060.0,934927.0,2543415.878309979,0.2741935483870967,False,68,17,18,6,32,0.0,0.0
2022-07,3,0.2041241452319315,0.0545454545454545,0.1034482758620689,0.75,0.0555555555555555,0.0138888888888888,216,0.9842648585544732,0.148110661268556,0.6470126908637595,3,0.000752281816604,0.0545454545454545,0.0003533985157262,0.0030150753768844,0.000187699430645,1.886426438643823e-07,15903085,0.3463909550529727,0.0006361531096683,0.040885364833889,48.0,934927.0,161825.0,65666042.43706597,0.6987951807228916,True,168,116,4,2,139,1.0,0.0
2022-07,2,0.1571348402636772,0.0363636363636363,0.0701754385964912,0.6666666666666666,0.037037037037037,0.0123456790123456,162,0.6919399691667398,0.1172248803827751,0.4637327657085262,2,0.0019326955405955,0.0363636363636363,0.0002492211838006,0.0298507462686567,0.0001251329537633,1.8676560263190088e-06,1070861,0.2290328009976301,0.0003477016923104,0.02574620297544,23.0,18425.0,934927.0,32563383.695652176,0.1363636363636363,False,22,3,0,0,14,1.0,1.0
2022-07,1,0.2236067977499789,0.125,0.2222222222222222,0.25,0.2,0.05,20,0.3606737602222408,0.0625,0.25,1,0.0005820024754817,0.125,0.000531914893617,0.000895255147717,0.0003783579265985,3.387268814669313e-07,2952231,0.1251633311170923,0.0003389830508474,0.0184114923579664,106.0,103785.0,11025.0,101836.02928088288,0.1399317406143344,False,587,82,28,1,306,0.0,1.0
2022-08,8,0.3344968040028363,0.1454545454545454,0.2539682539682539,0.7272727272727273,0.1538461538461538,0.0139860139860139,572,3.614833347110468,0.8763227513227514,2.459623526091422,8,0.0012833145337486,0.1454545454545454,0.0008758484782132,0.0032546786004882,0.0005060088551549,2.0586202406629994e-07,38860980,1.131195295803775,0.0200491104190107,0.2709848659839983,99.0,33934.0,934927.0,3236997.532700745,0.2727272727272727,False,22,6,0,0,13,1.0,0.0
2022-08,2,0.2461829819586654,0.1333333333333333,0.2352941176470588,0.3333333333333333,0.1818181818181818,0.0303030303030303,66,0.8194619958060909,0.1742424242424242,0.5901864791725766,2,0.0008279938889772,0.1333333333333333,0.0007806401249024,0.0011709601873536,0.0005854800936768,3.4278694009181205e-07,5834528,0.2592246363174026,0.0008920219907481,0.0422358194398607,85.0,167651.0,229797.0,5332276.380207612,0.1540342298288508,False,415,63,17,6,225,1.0,1.0
2022-08,3,0.3198010745334156,0.1875,0.3157894736842105,0.375,0.2727272727272727,0.034090909090909,88,0.9345697869347852,0.1303418803418803,0.5940168503177868,3,0.0017660226406385,0.1875,0.0016519823788546,0.0025553662691652,0.001220504475183,1.039611989082688e-06,2885692,0.3433536159102639,0.0006306581533828,0.0398869754311553,160.0,18901.0,33934.0,25054.161484375,0.108433734939759,False,168,18,9,2,98,0.0,0.0
2022-08,1,0.1230914909793327,0.0625,0.1176470588235294,0.1666666666666666,0.0909090909090909,0.0151515151515151,66,0.4024296043818446,0.0833333333333333,0.2886751345948129,1,0.0004880509107539,0.0625,0.0004800768122899,0.0005854800936768,0.000406834825061,2.381936914877197e-07,4198264,0.129949396724413,0.0004549590536851,0.0213297691896834,18.0,229797.0,33934.0,24067689.5,0.1781305114638448,False,607,101,43,40,204,1.0,0.0
2022-08,1,0.1889822365046136,0.1,0.1818181818181818,0.25,0.1428571428571428,0.0357142857142857,28,0.3606737602222408,0.0625,0.25,1,0.0009867904265429,0.1,0.0009837678307919,0.0010672358591248,0.000912408759124,9.73755345916849e-07,1026952,0.1218777188497711,0.000273298715496,0.0165317487125844,106.0,103785.0,11025.0,101836.02928088288,0.1333333333333333,False,166,22,6,1,74,0.0,0.0
2022-09,1,0.0971285862357264,0.0185185185185185,0.0363636363636363,0.5,0.0188679245283018,0.0094339622641509,106,0.5581106265512472,0.1666666666666666,0.4082482904638631,1,0.0010105764568542,0.0185185185185185,0.0001803263907672,0.0112359550561797,9.089256498818396e-05,1.0212647751481343e-06,979178,0.1421054534322133,0.0008787346221441,0.0296434583364376,149.0,7970.0,934927.0,335632.0972028287,0.3125,False,58,15,19,10,41,1.0,0.0
2022-09,1,0.2886751345948129,0.1428571428571428,0.25,0.5,0.1666666666666666,0.0833333333333333,12,0.2518706487516997,0.0188679245283018,0.137360563948689,1,0.003142200299268,0.1428571428571428,0.0016299918500407,0.0112359550561797,0.0008787346221441,9.873422720720365e-06,101282,0.107459490136939,9.089256498818396e-05,0.0095337592264638,210.0,7970.0,18901.0,3415.8950113378683,0.4814814814814814,True,30,13,9,3,19,0.0,1.0
2022-09,2,0.3162277660168379,0.1818181818181818,0.3076923076923077,0.4,0.25,0.05,40,0.5707996376555007,0.0623461853978671,0.3458749780057638,2,0.0011115944510032,0.1818181818181818,0.0010799136069114,0.0014154281670205,0.0008729812309035,6.17821111750556e-07,3237183,0.2247048558230426,0.0002885210234862,0.0235917981543521,236.0,45410.0,226630.0,184775.7163889687,0.3611111111111111,False,73,26,5,1,54,1.0,0.0
2022-10,3,0.375,0.2307692307692307,0.375,0.375,0.375,0.046875,64,0.9340324720644042,0.1281730769230769,0.5955481496465609,3,0.0017057049747487,0.2307692307692307,0.0015953203935123,0.0024691358024691,0.0011783189316575,9.698098202942402e-07,3093390,0.3406410147134061,0.0004982627908042,0.0373698107520831,91.0,18901.0,226630.0,517272.5069436058,0.373134328358209,False,134,50,0,0,115,0.0,1.0
2022-10,4,0.2637521893583148,0.1379310344827586,0.2424242424242424,0.4,0.1739130434782608,0.017391304347826,230,1.31226390941171,0.20125,0.8580326153007632,4,0.0016046166406898,0.1379310344827586,0.0012740882306099,0.0032493907392363,0.0007923930269413,6.436986408946896e-07,6214088,0.4895622696429575,0.0016870199235317,0.0720446603910363,167.0,671125.0,125203.0,3012903.416221449,0.21875,False,64,14,1,0,34,1.0,0.0
2022-10,4,0.3076923076923077,0.1818181818181818,0.3076923076923077,0.3076923076923077,0.3076923076923077,0.0236686390532544,169,1.7794070896273566,0.4441071428571428,1.1961625245431735,4,0.0016480337699159,0.1818181818181818,0.0015552099533437,0.0023242300987797,0.0011685655857434,6.790038266958163e-07,5890983,0.5034889501582578,0.0020345998213122,0.0807009489176355,39.0,13407.0,79650.0,702082.5443786982,0.4242424242424242,False,33,14,1,0,29,1.0,1.0
2022-11,1,0.1507556722888818,0.0714285714285714,0.1333333333333333,0.25,0.0909090909090909,0.0227272727272727,44,0.2835784920513334,0.0294117647058823,0.1714985851425088,1,0.0008521449536228,0.0714285714285714,0.0008350730688935,0.0010427528675703,0.0006963788300835,7.261510219849484e-07,1377124,0.110613343779792,0.000118511495615,0.0108862985268214,40.0,24869.0,161825.0,2515266.203125,0.217391304347826,False,23,5,0,0,22,1.0,0.0
2022-11,2,0.2461829819586654,0.1333333333333333,0.2352941176470588,0.3333333333333333,0.1818181818181818,0.0303030303030303,66,0.7644768390143213,0.1544117647058823,0.5250519757357826,2,0.0016981037165703,0.1333333333333333,0.0016652789342214,0.0020703933747412,0.0013927576601671,1.4417781161150425e-06,1387176,0.2404479910202852,0.0005703867780371,0.0321436568392282,43.0,934927.0,161825.0,81825073.97241752,0.5,True,22,11,0,0,11,1.0,1.0
2022-11,1,0.1543033499620919,0.0833333333333333,0.1538461538461538,0.1666666666666666,0.1428571428571428,0.0238095238095238,42,0.2835784920513334,0.0294117647058823,0.1714985851425088,1,0.0007529411798054,0.0833333333333333,0.0007163323782234,0.0010351966873706,0.0005476451259583,5.669204202467692e-07,1763916,0.110613343779792,0.000118511495615,0.0108862985268214,204.0,128857.0,934927.0,2894845.454608804,0.3626373626373626,False,183,66,13,1,158,1.0,0.0
2022-11,1,0.1414213562373095,0.0714285714285714,0.1333333333333333,0.2,0.1,0.02,50,0.3529561238647611,0.0588235294117647,0.2425356250363329,1,0.0008722723080284,0.0714285714285714,0.0008710801393728,0.0009191176470588,0.0008278145695364,7.608589793533307e-07,1314304,0.1262670940623354,0.000363504180298,0.0190657855935199,252.0,103785.0,56452.0,92259.87055933484,0.2585812356979405,False,444,113,49,7,429,1.0,0.0
2022-11,1,0.2581988897471611,0.1428571428571428,0.25,0.3333333333333333,0.2,0.0666666666666666,15,0.2556222186353314,0.02,0.1414213562373095,1,0.0064679210475527,0.1428571428571428,0.0049504950495049,0.0138888888888888,0.003012048192771,4.183400267737617e-05,23904,0.1091691239384963,0.000105152471083,0.0102543878941197,97.0,60230.0,66623.0,426475.0015942183,0.3518518518518518,False,55,19,3,1,46,1.0,1.0
2022-11,1,0.1543033499620919,0.0833333333333333,0.1538461538461538,0.1666666666666666,0.1428571428571428,0.0238095238095238,42,0.2835784920513334,0.0294117647058823,0.1714985851425088,1,0.0007529411798054,0.0833333333333333,0.0007163323782234,0.0010351966873706,0.0005476451259583,5.669204202467692e-07,1763916,0.110613343779792,0.000118511495615,0.0108862985268214,204.0,128857.0,934927.0,2894845.454608804,0.1649484536082474,False,196,32,28,2,164,1.0,0.0
2022-11,1,0.1091089451179962,0.0526315789473684,0.1,0.1666666666666666,0.0714285714285714,0.0119047619047619,84,0.2835784920513334,0.0294117647058823,0.1714985851425088,1,0.000613654702867,0.0526315789473684,0.0005383580080753,0.0010351966873706,0.0003637686431429,3.765720943508914e-07,2655534,0.110613343779792,0.000118511495615,0.0108862985268214,111.0,187011.0,934927.0,14190539.176771363,0.7990762124711316,True,435,346,29,2,393,0.0,0.0
2022-12,1,0.25,0.1428571428571428,0.25,0.25,0.25,0.0625,16,0.369269373068855,0.0666666666666666,0.2581988897471611,1,0.0029412273573148,0.1428571428571428,0.0022296544035674,0.0064102564102564,0.0013495276653171,8.650818367417557e-06,115596,0.1261862148700751,0.0003616636528028,0.0190174565282241,34.0,80705.0,75621.0,5279405.540657439,0.078125,False,66,5,5,2,52,1.0,1.0
2023-01,1,0.1543033499620919,0.0625,0.1176470588235294,0.3333333333333333,0.0714285714285714,0.0238095238095238,42,0.2556222186353314,0.02,0.1414213562373095,1,0.000631274009003,0.0625,0.000563063063063,0.001027749229188,0.0003877471888328,3.985068744428376e-07,2509367,0.1080204051564104,9.539254030334828e-05,0.0097669104789256,77.0,130181.0,161825.0,3553135.490807893,0.4609375,False,128,59,15,0,128,1.0,0.0
2023-02,1,0.2236067977499789,0.125,0.2222222222222222,0.25,0.2,0.05,20,0.3529561238647611,0.0588235294117647,0.2425356250363329,1,0.0009918141213005,0.125,0.0009881422924901,0.001081081081081,0.0009099181073703,9.836952512111749e-07,1016575,0.1288794745487311,0.0004268032437046,0.0206592169189602,68.0,51060.0,87498.0,966186.8252595155,0.2712765957446808,False,188,51,0,0,59,0.0,1.0
2023-02,1,0.3333333333333333,0.2,0.3333333333333333,0.3333333333333333,0.3333333333333333,0.1111111111111111,9,0.3396232718951086,0.0526315789473684,0.2294157338705617,1,0.0157720074469127,0.2,0.0157480314960629,0.0166666666666666,0.0149253731343283,0.0002487562189054,4020,0.1200390469686217,0.0002410219329959,0.0155248810944207,64.0,229797.0,671125.0,37651980.37719727,0.2903225806451613,False,32,9,1,1,25,1.0,1.0
2023-03,1,0.25,0.1428571428571428,0.25,0.25,0.25,0.0625,16,0.3529561238647611,0.0588235294117647,0.2425356250363329,1,0.0009465385996552,0.1428571428571428,0.0009442870632672,0.0010141987829614,0.0008833922261484,8.959353206373326e-07,1116152,0.1284265519397665,0.0004152823920265,0.0203784786484805,68.0,51060.0,87498.0,966186.8252595155,0.2545454545454545,False,56,14,1,1,21,0.0,0.0
2023-04,1,0.086066296582387,0.032258064516129,0.0625,0.2,0.037037037037037,0.0074074074074074,135,0.4808983469629878,0.125,0.3535533905932737,1,0.0005977530848864,0.032258064516129,0.0002077058884619,0.0033333333333333,0.0001071926251473,3.573087504912995e-07,2798700,0.1393039860598197,0.0007627765064836,0.0276184088333053,65.0,80705.0,56452.0,1078333.4106508875,0.4565217391304347,False,49,21,5,3,41,0.0,1.0
2023-05,1,0.1,0.0196078431372549,0.0384615384615384,0.5,0.02,0.01,100,0.3001016285004131,0.0357142857142857,0.1889822365046136,1,0.0006120579187356,0.0196078431372549,0.000174611489436,0.0042016806722689,8.91583452211127e-05,3.746148958870281e-07,2669408,0.109501791070131,0.0001081197967347,0.0103980669710664,93.0,671125.0,934927.0,72546292.38929357,0.1139240506329113,False,79,9,2,0,68,0.0,0.0
2023-05,2,0.2581988897471611,0.1176470588235294,0.2105263157894736,0.5,0.1333333333333333,0.0333333333333333,60,0.7428273691160412,0.1357466063348416,0.5198857231489475,2,0.0025590349385595,0.1176470588235294,0.0018796992481203,0.0058479532163742,0.0011198208286674,3.274329908384249e-06,610812,0.244831553577358,0.0005971981916615,0.0339711503802904,43.0,94643.0,167651.0,8581391.88372093,0.2352941176470588,False,69,16,2,1,45,0.0,1.0
2023-05,2,0.2425356250363329,0.1052631578947368,0.1904761904761904,0.5,0.1176470588235294,0.0294117647058823,68,0.7591406183201351,0.1435897435897435,0.5355489878597757,2,0.001493432510103,0.1052631578947368,0.0007160759040458,0.0058479532163742,0.0003813882532418,1.115170331116375e-06,1793448,0.2616268950613175,0.0009664144793743,0.0438243721776528,119.0,133133.0,94643.0,889775.1937716263,0.4941176470588235,True,171,84,7,1,158,0.0,1.0
2023-05,2,0.2425356250363329,0.1052631578947368,0.1904761904761904,0.5,0.1176470588235294,0.0294117647058823,68,0.7591406183201351,0.1435897435897435,0.5355489878597757,2,0.001493432510103,0.1052631578947368,0.0007160759040458,0.0058479532163742,0.0003813882532418,1.115170331116375e-06,1793448,0.2616268950613175,0.0009664144793743,0.0438243721776528,119.0,133133.0,94643.0,889775.1937716263,0.1290322580645161,False,155,20,2,0,136,0.0,1.0
2023-06,1,0.1360827634879543,0.0714285714285714,0.1333333333333333,0.1666666666666666,0.1111111111111111,0.0185185185185185,54,0.2859996675026743,0.0303030303030303,0.1740776559556978,1,0.0015291967927375,0.0714285714285714,0.0013404825737265,0.0025839793281653,0.0009049773755656,2.338442830918891e-06,427635,0.1104679521620846,0.0001171097318187,0.0108217249927501,145.0,125203.0,934927.0,5567451.376028538,0.1881188118811881,False,102,19,8,1,94,1.0,0.0
2023-06,2,0.1754116038614058,0.0952380952380952,0.1739130434782608,0.2,0.1538461538461538,0.0153846153846153,130,0.712068784498294,0.1315192743764172,0.4761904761904761,2,0.0012995649118975,0.0952380952380952,0.0011154489682097,0.0022909507445589,0.0007371913011426,8.44434480117579e-07,2368449,0.2477146633179012,0.0008623187234917,0.0375580067404556,55.0,79650.0,112311.0,2957213.603305785,0.2205882352941176,False,69,15,2,1,58,0.0,0.0
2023-06,2,0.3849001794597505,0.2,0.3333333333333333,0.6666666666666666,0.2222222222222222,0.074074074074074,27,0.7708475135546261,0.1632653061224489,0.5208216158663701,2,0.0013691983597169,0.2,0.0013610071452875,0.001527883880825,0.0012269938650306,9.37352074125802e-07,2133670,0.2403038688084757,0.0006088413057948,0.0325119690455449,62.0,17473.0,75621.0,343737.1834027056,0.0517241379310344,False,58,3,4,0,42,0.0,0.0
2023-07,1,0.1386750490563073,0.037037037037037,0.0714285714285714,0.5,0.0384615384615384,0.0192307692307692,52,0.369269373068855,0.0666666666666666,0.2581988897471611,1,0.0005761367628184,0.037037037037037,0.00020964360587,0.0030581039755351,0.0001085422772169,3.319335694708747e-07,3012651,0.1257448004160225,0.0003517411185367,0.0187547625561284,165.0,28885.0,56452.0,59894.06868686869,0.3028571428571429,False,176,53,22,1,74,0.0,1.0
2023-07,1,0.196116135138184,0.0714285714285714,0.1333333333333333,0.5,0.0769230769230769,0.0384615384615384,26,0.2518706487516997,0.0188679245283018,0.137360563948689,1,0.0018292941380384,0.0714285714285714,0.000695652173913,0.0092592592592592,0.0003614022406938,3.3463170434619656e-06,298836,0.1071558234598001,8.852691218130312e-05,0.0094088741186872,56.0,47685.0,79650.0,1211132.0950255103,0.3571428571428571,False,42,15,1,0,42,0.0,0.0
2023-07,1,0.1825741858350553,0.0625,0.1176470588235294,0.5,0.0666666666666666,0.0333333333333333,30,0.3069276764301348,0.0384615384615384,0.196116135138184,1,0.0010371407392231,0.0625,0.0006309148264984,0.0030581039755351,0.0003517411185367,1.0756609129564434e-06,929661,0.1095485734433716,0.0001085422772169,0.010418362501707,139.0,934927.0,28885.0,1397720.9458620157,0.4838709677419355,True,155,75,6,0,105,0.0,0.0
2023-07,2,0.2108185106778919,0.1052631578947368,0.1904761904761904,0.3333333333333333,0.1333333333333333,0.0222222222222222,90,0.5859829897057585,0.0662393162393162,0.3627828018048507,2,0.0016691519600197,0.1052631578947368,0.001194743130227,0.0039603960396039,0.0007034822370735,1.3930341328188394e-06,1435715,0.2260601895892244,0.0002955278527576,0.0240993417043441,53.0,53730.0,934927.0,17883099.93236027,0.3076923076923077,False,52,16,0,0,51,0.0,1.0
2023-08,1,0.1581138830084189,0.0476190476190476,0.0909090909090909,0.5,0.05,0.025,40,0.4551196133134186,0.1111111111111111,0.3333333333333333,1,0.0007589293957604,0.0476190476190476,0.0004059265272985,0.0026178010471204,0.0002200220022002,5.75973827749267e-07,1736190,0.1356577972173439,0.00062893081761,0.0250784931287759,32.0,133133.0,44337.0,5764372.8720703125,0.1631205673758865,False,283,46,1,1,66,1.0,0.0
2023-08,1,0.2357022603955158,0.1,0.1818181818181818,0.5,0.1111111111111111,0.0555555555555555,18,0.333808200695334,0.05,0.2236067977499789,1,0.0012831273330834,0.1,0.0010141987829614,0.0026178010471204,0.00062893081761,1.6464157529059238e-06,607380,0.1187397014640418,0.0002200220022002,0.0148331386496661,127.0,128857.0,44337.0,354214.9425878852,0.0707070707070707,False,99,7,2,0,54,0.0,1.0
2023-08,2,0.2581988897471611,0.1333333333333333,0.2352941176470588,0.4,0.1666666666666666,0.0333333333333333,60,0.5544364066444554,0.0553221288515406,0.3290102449074146,2,0.0016112415989915,0.1333333333333333,0.0015785319652722,0.0019743336623889,0.0013149243918474,1.2980497451603838e-06,1540773,0.2247490235672914,0.0002881419900156,0.0235990362588391,209.0,45410.0,161825.0,168230.4262722923,0.3787878787878788,False,66,25,6,0,66,1.0,1.0
2023-09,8,0.3628873693012115,0.2162162162162162,0.3555555555555555,0.4444444444444444,0.2962962962962963,0.0164609053497942,486,2.915366797495237,0.5251632425545468,2.010951064700035,8,0.0018627774432418,0.2162162162162162,0.0014420910319963,0.0039292730844793,0.0008830996798763,4.337424753813193e-07,18444124,0.9866527529760024,0.0026106465470646,0.1408025385959461,118.0,56452.0,167651.0,679706.567940247,0.088235294117647,False,35,3,1,1,17,0.0,1.0
2023-10,7,0.3152641443777315,0.1794871794871795,0.3043478260869565,0.4117647058823529,0.2413793103448276,0.0141987829614604,493,2.458721982421763,0.4175693820255889,1.6686705117543037,7,0.0015372484058381,0.1794871794871795,0.0012523481527864,0.0029812606473594,0.0007926622126599,3.375903801788535e-07,20735188,0.9007096448101716,0.005071020141956,0.155576540776285,118.0,56452.0,167651.0,679706.567940247,0.03125,False,33,1,2,1,14,1.0,0.0
2023-10,1,0.1313064328597225,0.0333333333333333,0.064516129032258,0.5,0.0344827586206896,0.0172413793103448,58,0.2912066762199624,0.032258064516129,0.1796053020267749,1,0.0012810630716318,0.0333333333333333,0.0002247191011235,0.0144927536231884,0.0001132374589514,1.641122593498857e-06,609339,0.114999710705027,0.0001673080140538,0.0129347599148137,213.0,51794.0,56452.0,64446.53591659503,0.8823529411764706,True,34,30,3,0,34,1.0,0.0
2023-10,4,0.3849001794597505,0.2352941176470588,0.3809523809523809,0.4444444444444444,0.3333333333333333,0.037037037037037,108,1.4373660730647877,0.2694134529873069,0.950899947317412,4,0.0051151689786218,0.2352941176470588,0.0035938903863432,0.0124610591900311,0.0020997375328083,6.54123841996386e-06,611505,0.4790290279459611,0.0011396345826519,0.0635240437475562,62.0,81855.0,77566.0,1651707.838189386,0.7073170731707317,True,41,29,0,0,36,1.0,0.0
2023-11,4,0.3651483716701107,0.2105263157894736,0.3478260869565217,0.5,0.2666666666666666,0.0333333333333333,120,1.2289334503403222,0.1562776304155614,0.7841804003774184,4,0.0014330109519838,0.2105263157894736,0.001360775642116,0.0019821605550049,0.001036001036001,5.133800971263805e-07,7791498,0.4582484393654493,0.0007157654073616,0.0517345175355415,257.0,128857.0,122089.0,238187.137927902,0.6049382716049383,True,81,49,7,0,81,1.0,1.0
2023-11,4,0.3442651863295481,0.2,0.3333333333333333,0.4444444444444444,0.2666666666666666,0.0296296296296296,135,1.1412749608864572,0.1215554081933392,0.692815707279309,4,0.0016905424846529,0.2,0.0015063076633402,0.0027586206896551,0.001036001036001,7.144834731041628e-07,5598450,0.4396321318835435,0.0004503012644993,0.0423517699238069,106.0,13407.0,122089.0,145678.82013171946,0.6923076923076923,True,208,144,11,0,206,1.0,1.0
2023-11,4,0.3651483716701107,0.2105263157894736,0.3478260869565217,0.5,0.2666666666666666,0.0333333333333333,120,1.2289334503403222,0.1562776304155614,0.7841804003774184,4,0.0014330109519838,0.2105263157894736,0.001360775642116,0.0019821605550049,0.001036001036001,5.133800971263805e-07,7791498,0.4582484393654493,0.0007157654073616,0.0517345175355415,257.0,128857.0,122089.0,238187.137927902,0.3064516129032258,False,62,19,8,0,62,1.0,1.0
2023-11,4,0.3333333333333333,0.1818181818181818,0.3076923076923077,0.5,0.2222222222222222,0.0277777777777777,144,1.3082084866393746,0.1917295123177476,0.8635173165883447,4,0.001677370172483,0.1818181818181818,0.0016542597187758,0.0019821605550049,0.0014194464158978,7.033926738839444e-07,5686724,0.4595320531560699,0.0006920679921394,0.0518946041908593,262.0,128857.0,246443.0,462617.35404405335,0.59375,True,64,38,8,0,64,1.0,1.0
2023-11,2,0.2264554068289191,0.074074074074074,0.1379310344827586,0.6666666666666666,0.0769230769230769,0.0256410256410256,78,0.960540230933092,0.25,0.696923425058676,2,0.0019897749516697,0.074074074074074,0.0004986909362922,0.015625,0.0002533890789306,1.979602179146079e-06,1010304,0.3032994580674968,0.0037993680468004,0.0780776521329673,71.0,671125.0,69663.0,9274465.55742908,0.7222222222222222,True,36,26,1,0,36,0.0,0.0
2023-11,2,0.4714045207910317,0.2857142857142857,0.4444444444444444,0.6666666666666666,0.3333333333333333,0.1111111111111111,18,0.7093572808119795,0.1217948717948717,0.4847912697329969,2,0.0103274048096503,0.2857142857142857,0.009501187648456,0.015625,0.0068259385665529,5.332764505119454e-05,37504,0.238684832071442,0.0005130933029893,0.030912895240155,66.0,671125.0,69663.0,10732915.719696969,0.3181818181818182,False,67,21,2,1,47,0.0,0.0
2023-12,3,0.5669467095138409,0.375,0.5454545454545454,0.75,0.4285714285714285,0.1071428571428571,28,1.2642910490882089,0.2961538461538461,0.8632387426688798,3,0.0041892128409172,0.375,0.0040871934604904,0.0052356020942408,0.0033519553072625,5.849834742168534e-06,512835,0.4342231073231769,0.0066366935116563,0.109368143290122,61.0,161825.0,226630.0,9856060.131685032,0.42,False,50,21,0,0,50,0.0,0.0
2023-12,1,0.1543033499620919,0.0833333333333333,0.1538461538461538,0.1666666666666666,0.1428571428571428,0.0238095238095238,42,0.2749075777424936,0.0263157894736842,0.1622214211307625,1,0.0009432031732547,0.0833333333333333,0.0007440476190476,0.0019305019305019,0.0004608294930875,8.89632226037756e-07,1124060,0.1085441946522979,9.975062344139652e-05,0.0099875233887784,29.0,934927.0,226630.0,251941148.64447087,0.1666666666666666,False,34,5,4,4,11,1.0,0.0
2023-12,5,0.428746462856272,0.25,0.4,0.625,0.2941176470588235,0.0367647058823529,136,1.654014613635258,0.2508042681955725,1.0962563925229465,5,0.0035201353127722,0.25,0.0031055900621118,0.0058685446009389,0.0021114864864864,2.478270524045172e-06,2017536,0.6027162413944325,0.0014094028254041,0.0807447006953551,117.0,934927.0,188217.0,12854785.240631163,0.3833333333333333,False,67,23,10,7,37,1.0,1.0
2023-12,4,0.3380617018914066,0.1739130434782608,0.2962962962962963,0.5714285714285714,0.2,0.0285714285714285,140,1.1503345114658907,0.1260618566110556,0.7018609739740199,4,0.0015690129651948,0.1739130434782608,0.0013214403700033,0.0028673835125448,0.0008585533376261,6.154504212373476e-07,6499305,0.4426742349221791,0.0005030107524717,0.0440507020902763,106.0,13407.0,122089.0,145678.82013171946,0.5,True,36,18,0,0,36,0.0,0.0
2023-12,4,0.3333333333333333,0.1818181818181818,0.3076923076923077,0.5,0.2222222222222222,0.0277777777777777,144,1.1503345114658907,0.1260618566110556,0.7018609739740199,4,0.0016996988793375,0.1818181818181818,0.0016789087093389,0.0019890601690701,0.0014524328249818,7.222440701053429e-07,5538294,0.4426742349221791,0.0005030107524717,0.0440507020902763,262.0,128857.0,246443.0,462617.35404405335,0.8235294117647058,True,17,14,1,0,17,1.0,0.0
2023-12,1,0.1054092553389459,0.0454545454545454,0.0869565217391304,0.2,0.0555555555555555,0.0111111111111111,90,0.333808200695334,0.05,0.2236067977499789,1,0.0011327258567684,0.0454545454545454,0.0006585446163977,0.0035335689045936,0.0003631082062454,1.2830678665917357e-06,779382,0.1183914469710314,0.0002146383344065,0.0146505404134634,101.0,671125.0,246443.0,16213514.202039016,0.515625,True,66,33,2,2,51,1.0,1.0
2023-12,2,0.3380617018914066,0.2,0.3333333333333333,0.4,0.2857142857142857,0.0571428571428571,35,0.7362378050771787,0.1333333333333333,0.5122819323447919,2,0.0026504693701108,0.2,0.0017429193899782,0.0070671378091872,0.0009940357852882,3.512493940947952e-06,569396,0.243433229323139,0.0005509989129467,0.0329906761419741,126.0,45410.0,671125.0,1919613.64638448,0.0169491525423728,False,60,1,59,1,56,0.0,1.0
2024-01,1,0.3162277660168379,0.1666666666666666,0.2857142857142857,0.5,0.2,0.1,10,0.3529561238647611,0.0588235294117647,0.2425356250363329,1,0.0023233458264621,0.1666666666666666,0.0012360939431396,0.0080645161290322,0.000669344042838,5.3979358293388605e-06,185256,0.1169822666799958,0.0001938735944164,0.0139238498417801,160.0,45410.0,56452.0,100136.1453125,0.8125,True,66,52,5,2,64,0.0,0.0
2024-02,1,0.1889822365046136,0.1,0.1818181818181818,0.25,0.1428571428571428,0.0357142857142857,28,0.2769378934088574,0.027027027027027,0.1643989873053573,1,0.0009015318500844,0.1,0.0008980691513246,0.0009842519685039,0.0008257638315441,8.12759676716711e-07,1230376,0.1071965710613953,8.884150675195451e-05,0.0094255772635926,143.0,51060.0,934927.0,2334460.003912172,0.4195804195804196,False,143,60,14,0,124,0.0,0.0
2024-02,1,0.1543033499620919,0.0833333333333333,0.1538461538461538,0.1666666666666666,0.1428571428571428,0.0238095238095238,42,0.2769378934088574,0.027027027027027,0.1643989873053573,1,0.0015129302912851,0.0833333333333333,0.0013831258644536,0.0023255813953488,0.0009842519685039,2.2889580662882256e-06,436880,0.1071965710613953,8.884150675195451e-05,0.0094255772635926,47.0,66623.0,934927.0,28197212.096423723,0.1714285714285714,False,105,18,1,0,27,0.0,0.0
2024-02,1,0.1162476387438192,0.0263157894736842,0.0512820512820512,0.5,0.027027027027027,0.0135135135135135,74,0.4024296043818446,0.0833333333333333,0.2886751345948129,1,0.0011430191364768,0.0263157894736842,0.0001766160367361,0.0147058823529411,8.884150675195451e-05,1.3064927463522722e-06,765408,0.1234913894582072,0.0003042287800425,0.0174421552579545,7.0,374374.0,31669.0,241960208.2857143,0.0857142857142857,False,35,3,0,0,16,1.0,0.0
2024-03,2,0.2182178902359924,0.1176470588235294,0.2105263157894736,0.2857142857142857,0.1666666666666666,0.0238095238095238,84,0.6790248101903643,0.1071428571428571,0.456243478417038,2,0.0013261302014647,0.1176470588235294,0.0012698412698412,0.0017841213202497,0.0009857072449482,8.793106556184214e-07,2274509,0.2478626569578829,0.0006845139909184,0.0359406547483853,54.0,167651.0,161825.0,9303883.084705075,0.1836734693877551,False,55,9,11,6,33,1.0,1.0
2024-03,2,0.3481553119113957,0.1666666666666666,0.2857142857142857,0.6666666666666666,0.1818181818181818,0.0606060606060606,33,0.6468204164361555,0.097331240188383,0.4202072409697574,2,0.0069909560572918,0.1666666666666666,0.0035874439461883,0.0253164556962025,0.0019305019305019,2.443673329749279e-05,81844,0.2357169983949095,0.000509732813604,0.0299005694464456,37.0,188217.0,69663.0,9577619.336011687,0.25,False,36,9,0,0,9,0.0,0.0
2024-03,5,0.4029114820126901,0.25,0.4,0.4545454545454545,0.3571428571428571,0.0324675324675324,154,1.730821394495167,0.281547619047619,1.1748709665993844,5,0.0034744313062842,0.25,0.0032948929159802,0.0048262548262548,0.0025012506253126,2.414334580417622e-06,2070964,0.6140438652924065,0.0015246476399455,0.0859490890695871,117.0,934927.0,188217.0,12854785.240631163,0.8333333333333334,True,44,35,4,2,38,0.0,0.0
2024-03,4,0.3015113445777636,0.1739130434782608,0.2962962962962963,0.3636363636363636,0.25,0.0227272727272727,176,1.4530762383557785,0.2584706959706959,1.005007469212041,4,0.0021124153466924,0.1739130434782608,0.0017789637536135,0.0038610038610038,0.0011557353366079,1.1155746492354409e-06,3585596,0.5019042408886121,0.0014478468413764,0.0749908977534499,178.0,133133.0,188217.0,790869.0146761773,0.2307692307692307,False,67,15,5,2,57,1.0,1.0
2024-03,2,0.2020305089104421,0.1052631578947368,0.1904761904761904,0.2857142857142857,0.1428571428571428,0.0204081632653061,98,0.5770395219092705,0.0627413127413127,0.3533812238099709,2,0.0015573093813517,0.1052631578947368,0.0015527950310559,0.0016806722689075,0.0014430014430014,1.2126062546230614e-06,1649340,0.2158194590636641,0.0001893503308983,0.0194481676838831,196.0,161741.0,114968.0,484044.12973760936,0.1818181818181818,False,22,4,0,0,16,1.0,1.0
2024-03,9,0.4252100321353806,0.2571428571428571,0.4090909090909091,0.5625,0.3214285714285714,0.0200892857142857,448,3.465763176521585,0.6972728526299954,2.400112330054617,9,0.0022804557535757,0.2571428571428571,0.0021694588405447,0.0031358885017421,0.0016583747927031,5.778309382240944e-07,15575490,1.1642440453946037,0.0053342800484942,0.1991845152767614,122.0,671125.0,187011.0,8432394.341238914,0.25,False,62,15,4,2,55,1.0,1.0
2024-03,1,0.1162476387438192,0.0263157894736842,0.0512820512820512,0.5,0.027027027027027,0.0135135135135135,74,0.4024296043818446,0.0833333333333333,0.2886751345948129,1,0.0011056212043778,0.0263157894736842,0.0001749169144656,0.0138888888888888,8.80126738250308e-05,1.2223982475698724e-06,818064,0.123036039483337,0.0002952465308532,0.0171827393291425,7.0,374374.0,31669.0,241960208.2857143,0.1944444444444444,False,37,7,1,1,12,1.0,0.0
2024-04,1,0.1543033499620919,0.0625,0.1176470588235294,0.3333333333333333,0.0714285714285714,0.0238095238095238,42,0.2835784920513334,0.0294117647058823,0.1714985851425088,1,0.0008135622014088,0.0625,0.0005053057099545,0.0023364485981308,0.0002832861189801,6.618834555611448e-07,1510840,0.1079870707639342,9.512032721392562e-05,0.0097529650473035,80.0,75763.0,160740.0,1902835.096875,0.2236842105263158,False,76,17,0,0,67,0.0,0.0
2024-04,7,0.3741657386773941,0.21875,0.358974358974359,0.5,0.28,0.02,350,2.5471037360641406,0.4584484143307673,1.7563045451378327,7,0.0016579254500807,0.21875,0.0016317016317016,0.0019830028328611,0.0013861386138613,3.926738282893445e-07,17826500,0.8433057494389398,0.0019710215120872,0.1129460627264298,91.0,671125.0,160740.0,13027005.494505497,0.2898550724637681,False,69,20,0,0,55,1.0,0.0
2024-04,2,0.2020305089104421,0.1052631578947368,0.1904761904761904,0.2857142857142857,0.1428571428571428,0.0204081632653061,98,0.7343961104036649,0.1357142857142857,0.5052100025214515,2,0.0015921679646202,0.1052631578947368,0.0010057832537088,0.0044742729306487,0.0005665722379603,1.2674994137815211e-06,1577910,0.2390084638564156,0.0005831794088271,0.0318041490449453,107.0,103402.0,160740.0,1451728.3151366932,0.56,True,75,42,7,0,67,1.0,1.0
2024-04,1,0.1581138830084189,0.0769230769230769,0.1428571428571428,0.25,0.1,0.025,40,0.2569491711848753,0.0204081632653061,0.1428571428571428,1,0.0017620796579894,0.0769230769230769,0.001310615989515,0.0039525691699604,0.0007855459544383,3.104924721100137e-06,322069,0.1069030787969438,8.659508139937652e-05,0.0093056478226599,94.0,75621.0,66623.0,570178.5743549117,0.5689655172413793,True,58,33,3,0,57,0.0,1.0
2024-04,1,0.1543033499620919,0.0625,0.1176470588235294,0.3333333333333333,0.0714285714285714,0.0238095238095238,42,0.2835784920513334,0.0294117647058823,0.1714985851425088,1,0.0008135622014088,0.0625,0.0005053057099545,0.0023364485981308,0.0002832861189801,6.618834555611448e-07,1510840,0.1079870707639342,9.512032721392562e-05,0.0097529650473035,80.0,75763.0,160740.0,1902835.096875,0.5288461538461539,True,104,55,1,0,101,0.0,0.0
2024-04,1,0.2581988897471611,0.1428571428571428,0.25,0.3333333333333333,0.2,0.0666666666666666,15,0.2835784920513334,0.0294117647058823,0.1714985851425088,1,0.0010427012825807,0.1428571428571428,0.0007760962359332,0.0023364485981308,0.0004653327128897,1.0872259646955984e-06,919772,0.1079870707639342,9.512032721392562e-05,0.0097529650473035,70.0,42372.0,75763.0,655148.946122449,0.198019801980198,False,101,20,2,0,101,0.0,0.0
2024-04,1,0.1581138830084189,0.0769230769230769,0.1428571428571428,0.25,0.1,0.025,40,0.2569491711848753,0.0204081632653061,0.1428571428571428,1,0.0017620796579894,0.0769230769230769,0.001310615989515,0.0039525691699604,0.0007855459544383,3.104924721100137e-06,322069,0.1069030787969438,8.659508139937652e-05,0.0093056478226599,94.0,75621.0,66623.0,570178.5743549117,0.3114754098360656,False,61,19,6,0,57,0.0,1.0
2024-04,3,0.2581988897471611,0.1428571428571428,0.25,0.3333333333333333,0.2,0.0222222222222222,135,1.1238036374193872,0.2220888355342136,0.763357240902703,3,0.0016885140097955,0.1428571428571428,0.0015228426395939,0.002680965147453,0.0010634526763559,9.503598537586256e-07,3156699,0.375954292844277,0.001331625960248,0.0583388492315108,157.0,934927.0,125203.0,4748901.179804455,0.5161290322580645,True,65,32,10,3,53,1.0,0.0
2024-04,2,0.2581988897471611,0.1333333333333333,0.2352941176470588,0.4,0.1666666666666666,0.0333333333333333,60,0.5405276632362088,0.0498199279711884,0.3143557279996516,2,0.0009089486622438,0.1333333333333333,0.0008084074373484,0.0014892032762472,0.0005547850208044,4.130938352974224e-07,4841515,0.214890149560878,0.0001817154086133,0.0190586128699635,48.0,13407.0,130181.0,757524.5950520834,0.3962264150943396,False,54,21,1,1,47,1.0,0.0
